iteration,game,cost_per_game_average
1.0029585798816567,1,0.0016683192661975316
1.0059171597633136,2,0.0005145650518463027
1.0088757396449703,3,0.00923859559378748
1.0029585798816567,1,0.001589244214491556
1.0059171597633136,2,0.000489414992319976
1.0088757396449703,3,0.008762185879191975
1.0118343195266273,4,0.000723553497299403
1.014792899408284,5,0.000681677036791939
1.017751479289941,6,0.011344186070942897
1.0029585798816567,1,0.0016446773654005635
1.0059171597633136,2,0.0005057656834499053
1.0088757396449703,3,0.009052796029717314
1.0118343195266273,4,0.0007464178145509873
1.014792899408284,5,0.0007045232865493745
1.017751479289941,6,0.011742398919295738
1.0236686390532543,8,0.00039463297624903697
1.0266272189349113,9,0.003995262725089566
1.029585798816568,10,0.000554977742077816
1.032544378698225,11,0.0007073905012800553
1.0355029585798816,12,0.00027750649634299406
1.0384615384615385,13,0.001290772194725065
1.0414201183431953,14,0.020089059566828382
1.044378698224852,15,0.0018633032266017415
1.047337278106509,16,0.0009558357714013255
1.0502958579881656,17,0.0046375478132880356
1.0532544378698225,18,0.002200269927335352
1.0562130177514792,19,0.0004928610044316328
1.0591715976331362,20,0.00018604061551310297
1.0621301775147929,21,0.00021099249319276068
1.0650887573964498,22,0.0011380413530105216
1.0680473372781065,23,0.0032174945508845155
1.0710059171597632,24,0.00034262581385613444
1.0739644970414202,25,0.0003752984059664631
1.0769230769230769,26,0.0016907317392877985
1.0798816568047338,27,0.00022342306647786886
1.0828402366863905,28,0.00038346963310124477
1.0857988165680474,29,0.0009511882826592766
1.0887573964497042,30,0.0003161883132936083
1.0917159763313609,31,0.0005502282085397633
1.0946745562130178,32,0.001719663274083619
1.0976331360946745,33,0.0033334368085059887
1.1005917159763314,34,0.0002454593672837291
1.1035502958579881,35,0.007320823089685291
1.106508875739645,36,0.002225107147674115
1.1094674556213018,37,0.0015410574038128289
1.1124260355029585,38,0.0007930953295840482
1.1153846153846154,39,0.0009553900972605334
1.1183431952662721,40,0.0003659220247819966
1.121301775147929,41,0.0017612657391339326
1.1242603550295858,42,0.0007019312488824945
1.1272189349112427,43,0.0055071027018129826
1.1301775147928994,44,0.0002806290663746343
1.1331360946745561,45,0.0011981432419815973
1.136094674556213,46,0.00035560813817295744
1.1390532544378698,47,0.00047600915818803825
1.1420118343195267,48,0.009688387619624856
1.1449704142011834,49,0.0005228904792602407
1.1479289940828403,50,0.0005773584616740798
1.150887573964497,51,0.0011067142409046937
1.1538461538461537,52,0.00019724822579973987
1.1568047337278107,53,0.005082851741462946
1.1597633136094674,54,0.0007341308766107042
1.1627218934911243,55,0.0059010847471654415
1.165680473372781,56,0.0009817666694289073
1.168639053254438,57,0.002171573336113397
1.1715976331360947,58,0.001303209294746921
1.1745562130177514,59,0.0004872968923355832
1.1775147928994083,60,0.0008516318157489877
1.180473372781065,61,0.0001643836973095819
1.183431952662722,62,0.00030152100963221073
1.1863905325443787,63,0.0011384894945270692
1.1893491124260356,64,0.00024372434663914814
1.1923076923076923,65,0.00024358222376106605
1.195266272189349,66,0.0001476776331635461
1.198224852071006,67,0.0004433698777575046
1.2011834319526626,68,0.0001040063382372958
1.2041420118343196,69,0.00022319930201988695
1.2071005917159763,70,0.00015487202442727722
1.2100591715976332,71,0.0002147081017068665
1.21301775147929,72,9.352052858275783e-05
1.2159763313609466,73,0.0003407527441747031
1.2189349112426036,74,0.00130612333228943
1.2218934911242603,75,0.0005160132463061018
1.2248520710059172,76,0.0013814098438160727
1.227810650887574,77,0.00014716139825395657
1.2307692307692308,78,0.0004817897800586996
1.2337278106508875,79,0.0002621221288033363
1.2366863905325443,80,0.0007043100431474159
1.2396449704142012,81,0.00016762203320534277
1.242603550295858,82,0.0002727840599618503
1.2455621301775148,83,0.0002350222194523025
1.2485207100591715,84,6.542542350176619e-05
1.2514792899408285,85,0.0001513851406861218
1.2544378698224852,86,0.0005068391905069802
1.2573964497041419,87,0.11255107074975967
1.727810650887574,246,0.162939190864563
1.7337278106508875,248,0.17013777792453766
1.7366863905325443,249,0.1622048169374466
1.7573964497041419,256,0.1698256880044937
1.7603550295857988,257,0.161529079079628
1.7633136094674557,258,0.16946609318256378
2.2573964497041423,425,0.10993622988462448
2.727810650887574,584,0.16057835519313812
2.7337278106508878,586,0.1688859462738037
2.7366863905325447,587,0.15993422269821167
2.7573964497041423,594,0.16852939128875732
2.760355029585799,595,0.15930208563804626
2.7633136094674553,596,0.16815172135829926
3.257396449704142,763,0.10785636305809021
3.727810650887574,922,0.15835796296596527
3.7337278106508878,924,0.16755621135234833
3.7366863905325443,925,0.1576838493347168
3.757396449704142,932,0.16719751060009003
3.760355029585799,933,0.15705451369285583
3.7633136094674557,934,0.1668180376291275
4.257396449704142,1101,0.10576233267784119
4.727810650887574,1260,0.15607596933841705
4.733727810650888,1262,0.16622067987918854
4.736686390532544,1263,0.1553606390953064
4.757396449704142,1270,0.16586507856845856
4.760355029585799,1271,0.15471677482128143
4.763313609467456,1272,0.16548819839954376
5.257396449704142,1439,0.10353509336709976
5.727810650887574,1598,0.1536782830953598
5.733727810650888,1600,0.16490265727043152
5.736686390532545,1601,0.15290750563144684
5.757396449704142,1608,0.16455483436584473
5.760355029585799,1609,0.15222810208797455
5.763313609467455,1610,0.16418419778347015
6.257396449704142,1777,0.10116700083017349
6.727810650887574,1936,0.15106947720050812
6.733727810650888,1938,0.16359318792819977
6.736686390532545,1939,0.15018399059772491
6.757396449704142,1946,0.16324838995933533
6.760355029585799,1947,0.14940495789051056
6.763313609467455,1948,0.16287676990032196
7.257396449704142,2115,0.09844797849655151
7.727810650887574,2274,0.1480550915002823
7.733727810650888,2276,0.16228622198104858
7.736686390532545,2277,0.14701510965824127
7.757396449704142,2284,0.16194437444210052
7.760355029585799,2285,0.14611835777759552
7.763313609467455,2286,0.16157503426074982
8.257396449704142,2453,0.09526617079973221
8.727810650887573,2612,0.14450836181640625
8.733727810650887,2614,0.16098035871982574
8.736686390532544,2615,0.1432884782552719
8.757396449704142,2622,0.16064099967479706
8.7603550295858,2623,0.14218918979167938
8.763313609467456,2624,0.16027416288852692
9.257396449704142,2791,0.09156697243452072
9.727810650887575,2950,0.14027591049671173
9.733727810650887,2952,0.15968231856822968
9.736686390532544,2953,0.13883034884929657
9.757396449704142,2960,0.15935079753398895
9.7603550295858,2961,0.1375114470720291
9.763313609467456,2962,0.15899008512496948
10.257396449704142,3129,0.08707917481660843
10.727810650887575,3288,0.13520614802837372
10.733727810650887,3290,0.1584198772907257
10.736686390532544,3291,0.1335510015487671
10.757396449704142,3298,0.15809890627861023
10.7603550295858,3299,0.1319463849067688
10.763313609467456,3300,0.15774960815906525
11.257396449704142,3467,0.08151135593652725
11.727810650887575,3626,0.12926223874092102
11.733727810650887,3628,0.15718498826026917
11.736686390532544,3629,0.12742497026920319
11.757396449704142,3636,0.15686683356761932
11.7603550295858,3637,0.12558364868164062
11.763313609467456,3638,0.15652252733707428
12.257396449704142,3805,0.07456732541322708
12.727810650887575,3964,0.12270009517669678
12.733727810650887,3966,0.15596932172775269
12.736686390532544,3967,0.12091755121946335
12.757396449704142,3974,0.15565206110477448
12.7603550295858,3975,0.11907490342855453
12.763313609467456,3976,0.15531302988529205
13.257396449704142,4143,0.06615345925092697
13.727810650887575,4302,0.11653128266334534
13.733727810650887,4304,0.15475726127624512
13.736686390532544,4305,0.11515175551176071
13.757396449704142,4312,0.15444415807724
13.7603550295858,4313,0.11385635286569595
13.763313609467456,4314,0.15410901606082916
14.257396449704142,4481,0.056844476610422134
14.727810650887575,4640,0.11239781230688095
14.733727810650887,4642,0.15355141460895538
14.736686390532544,4643,0.11178428679704666
14.757396449704142,4650,0.15324632823467255
14.7603550295858,4651,0.11156218498945236
14.763313609467456,4652,0.1529165357351303
15.257396449704142,4819,0.048139240592718124
15.727810650887575,4978,0.11152928322553635
15.733727810650887,4980,0.15236328542232513
15.736686390532544,4981,0.11148589104413986
15.757396449704142,4988,0.1520652025938034
15.7603550295858,4989,0.11215594410896301
15.763313609467456,4990,0.15174169838428497
16.257396449704142,5157,0.041473619639873505
16.727810650887577,5316,0.11259493231773376
16.733727810650887,5318,0.1511961966753006
16.736686390532544,5319,0.11215702444314957
16.757396449704142,5326,0.15090392529964447
16.7603550295858,5327,0.11299072951078415
16.763313609467456,5328,0.15059034526348114
17.257396449704142,5495,0.03751181438565254
17.727810650887573,5654,0.11272268742322922
17.733727810650887,5656,0.150064155459404
17.736686390532544,5657,0.1112925335764885
17.757396449704142,5664,0.1497746706008911
17.7603550295858,5665,0.1118222177028656
17.763313609467456,5666,0.14946295320987701
18.257396449704142,5833,0.03584077209234238
18.727810650887573,5992,0.11058422178030014
18.733727810650887,5994,0.14893876016139984
18.736686390532544,5995,0.1084907278418541
18.757396449704142,6002,0.14865078032016754
18.7603550295858,6003,0.10887224227190018
18.763313609467456,6004,0.14833778142929077
19.257396449704142,6171,0.035426121205091476
19.727810650887573,6330,0.10727303475141525
19.733727810650887,6332,0.1478109210729599
19.736686390532544,6333,0.10502757877111435
19.757396449704142,6340,0.1475227028131485
19.7603550295858,6341,0.10547896474599838
19.763313609467456,6342,0.14720775187015533
20.257396449704142,6509,0.03538834676146507
20.727810650887573,6668,0.10401201248168945
20.733727810650887,6670,0.1466801017522812
20.736686390532544,6671,0.1017598882317543
20.757396449704142,6678,0.14638790488243103
20.7603550295858,6679,0.10233845561742783
20.763313609467456,6680,0.14607004821300507
21.257396449704142,6847,0.03534342348575592
21.727810650887573,7006,0.10087132453918457
21.733727810650887,7008,0.14553998410701752
21.736686390532544,7009,0.09874299168586731
21.757396449704142,7016,0.14524737000465393
21.7603550295858,7017,0.0994245707988739
21.763313609467456,7018,0.14492736756801605
22.257396449704142,7185,0.035186853259801865
22.727810650887573,7344,0.09814544767141342
22.733727810650887,7346,0.14439186453819275
22.736686390532544,7347,0.09620710462331772
22.757396449704142,7354,0.14409984648227692
22.7603550295858,7355,0.0968780517578125
22.763313609467456,7356,0.1437770277261734
23.257396449704142,7523,0.0348418764770031
23.727810650887573,7682,0.09573327749967575
23.733727810650887,7684,0.14323948323726654
23.736686390532544,7685,0.09399890154600143
23.757396449704142,7692,0.1429470330476761
23.7603550295858,7693,0.09481330960988998
23.763313609467456,7694,0.1426212042570114
24.257396449704142,7861,0.033933207392692566
24.727810650887573,8020,0.09382040053606033
24.733727810650887,8022,0.14207714796066284
24.736686390532544,8023,0.09218939393758774
24.757396449704142,8030,0.1417839676141739
24.7603550295858,8031,0.09302147477865219
24.763313609467456,8032,0.14145542681217194
25.257396449704142,8199,0.03265908733010292
25.727810650887573,8358,0.09215662628412247
25.733727810650887,8360,0.14090575277805328
25.736686390532544,8361,0.09065937250852585
25.757396449704142,8368,0.14061254262924194
25.7603550295858,8369,0.09152109175920486
25.763313609467456,8370,0.1402820497751236
26.257396449704142,8537,0.030932584777474403
26.727810650887573,8696,0.09078139811754227
26.733727810650887,8698,0.1397281140089035
1.0029585798816567,1,0.0021960004878375607
1.0059171597633136,2,0.0006966150655528401
1.0088757396449703,3,0.007693516612899742
1.0118343195266273,4,0.001023376138932301
1.014792899408284,5,0.0009993370039893534
1.017751479289941,6,0.015478028907871533
1.0236686390532543,8,0.0005552492726350611
1.0266272189349113,9,0.0034411781062655853
1.029585798816568,10,0.000784519468457542
1.032544378698225,11,0.0006835642157869058
1.0355029585798816,12,0.000267695793946083
1.0384615384615385,13,0.0018534806149688166
1.0414201183431953,14,0.029133775337953693
1.044378698224852,15,0.002560797813706892
1.047337278106509,16,0.0009010299762735486
1.0502958579881656,17,0.005317513858126891
1.0532544378698225,18,0.0037518405715072367
1.0562130177514792,19,0.0004915667113554179
1.0591715976331362,20,0.00018884981484236426
1.0621301775147929,21,0.003467700053649888
1.0650887573964498,22,0.002010322485057259
1.0680473372781065,23,0.0024582858817624627
1.0710059171597632,24,0.008606344421423273
1.0739644970414202,25,0.00035856538946046055
1.0769230769230769,26,0.003101913477735252
1.0798816568047338,27,0.00023083503315825106
1.0828402366863905,28,0.0006988255875803873
1.0857988165680474,29,0.000910712040896211
1.0887573964497042,30,0.00030096925310019174
1.0917159763313609,31,0.0004933774041203691
1.0946745562130178,32,0.003169260692727351
1.0976331360946745,33,0.002263456830026674
1.1005917159763314,34,0.0002282461634868227
1.1035502958579881,35,0.011818438766113104
1.106508875739645,36,0.003350254822367203
1.1094674556213018,37,0.0026991224423795757
1.1124260355029585,38,0.0007937532536364719
1.1153846153846154,39,0.0017543453679666396
1.1183431952662721,40,0.0006088908035540694
1.121301775147929,41,0.0016852308125407944
1.1242603550295858,42,0.0014105300542576363
1.1272189349112427,43,0.005465864669531584
1.1301775147928994,44,0.0002578131431998069
1.1331360946745561,45,0.002159749577185721
1.136094674556213,46,0.0003531376918384494
1.1390532544378698,47,0.0009333925721427426
1.1420118343195267,48,0.006586144571851297
1.1449704142011834,49,0.0013505576443719747
1.1479289940828403,50,0.0010900945093649445
1.150887573964497,51,0.0012112010513192217
1.1538461538461537,52,0.0002077435735069836
1.1568047337278107,53,0.010809503495693207
1.1597633136094674,54,0.001448628017702244
1.1627218934911243,55,0.012920808978378773
1.165680473372781,56,0.0023829590719287807
1.168639053254438,57,0.0018579731523971077
1.1715976331360947,58,0.003960746010231257
1.1745562130177514,59,0.0009149753118720128
1.1775147928994083,60,0.00046851782008161535
1.180473372781065,61,0.00042763667490520595
1.183431952662722,62,0.0003550957471958327
1.1863905325443787,63,0.0034639935899273646
1.1893491124260356,64,0.00017693604611310917
1.1923076923076923,65,0.00027208598447910407
1.195266272189349,66,0.00019865791220967588
1.198224852071006,67,0.0015830192005523713
1.2011834319526626,68,0.00012592793376793923
1.2041420118343196,69,0.0007578303713130573
1.2071005917159763,70,0.00017802871278718157
1.2100591715976332,71,0.00026845226719441435
1.21301775147929,72,0.0001143542438133712
1.2159763313609466,73,0.0015633846666484412
1.2189349112426036,74,0.004319442947943945
1.2218934911242603,75,0.002636779085514718
1.2248520710059172,76,0.0018506848282413557
1.227810650887574,77,0.0005280277574274806
1.2307692307692308,78,0.0003471978991249423
1.2337278106508875,79,0.0003110329952657291
1.2366863905325443,80,0.0030384119116320107
1.2396449704142012,81,0.0006754855600898205
1.242603550295858,82,0.0004407818826621224
1.2455621301775148,83,0.00030085598030596243
1.2485207100591715,84,7.184064993776613e-05
1.2514792899408285,85,0.000851716580090679
1.2544378698224852,86,0.0031576205947075665
1.2573964497041419,87,0.027676353231072426
1.2603550295857988,88,0.00022336823251491836
1.2633136094674557,89,0.0033059929719456704
1.2662721893491125,90,0.0019929442091931077
1.2692307692307692,91,0.0002306759025335244
1.272189349112426,92,0.0033484067607787438
1.2751479289940828,93,0.0001265591582961389
1.2781065088757395,94,0.0032275173398375046
1.2810650887573964,95,0.0009446138037777597
1.2840236686390534,96,0.001977382522454718
1.28698224852071,97,0.0007999530080022179
1.2899408284023668,98,0.00017978585767903295
1.2928994082840237,99,0.004450117872086897
1.2958579881656804,100,0.0005057950494557628
1.2988165680473374,101,0.004676314536482096
1.301775147928994,102,0.002808884768455755
1.304733727810651,103,0.002963903505436368
1.3076923076923077,104,0.04140772297978401
1.3106508875739644,105,0.0009649694424069821
1.3136094674556213,106,0.0025319830255284615
1.316568047337278,107,0.0006725600057052361
1.319526627218935,108,0.007180775829738195
1.3284023668639053,111,0.0006876423385203149
1.331360946745562,112,0.00011322359382312733
1.334319526627219,113,0.0018567355804179897
1.3372781065088757,114,0.0009869779816824575
1.3402366863905326,115,0.0021755292985593164
1.3431952662721893,116,0.0025912480380867464
1.3461538461538463,117,0.0010474893553737985
1.349112426035503,118,0.001205269663512354
1.3520710059171597,119,0.01099757231258991
1.3550295857988166,120,0.013188467361032963
1.3579881656804733,121,0.0016556557966396213
1.3609467455621302,122,0.0017164670110795842
1.363905325443787,123,0.0037730298221906626
1.3668639053254439,124,0.00019349813465499973
1.3698224852071006,125,0.0008026308690624809
1.3727810650887573,126,0.0003705558296545064
1.3757396449704142,127,0.005023135958397593
1.378698224852071,128,0.005959180286784734
1.3816568047337279,129,0.00047009230562859255
1.3846153846153846,130,0.017561535371896753
1.3875739644970415,131,0.0006501746594529742
1.3905325443786982,132,0.00037280300698278826
1.393491124260355,133,0.0007616935226195665
1.3964497041420119,134,0.0026384793118268135
1.3994082840236686,135,0.0002018231947431559
1.4023668639053255,136,0.005644516050183327
1.4053254437869822,137,0.0030468438053503633
1.4082840236686391,138,0.00695041946649629
1.4112426035502958,139,0.01233882352244109
1.4142011834319526,140,0.007515809673350304
1.4171597633136095,141,0.008163100069699189
1.4201183431952662,142,0.003971703244610245
1.4230769230769231,143,0.006721874645100562
1.4260355029585798,144,0.007618096734707554
1.4289940828402368,145,0.0017456389823113927
1.4319526627218935,146,0.002350626967829437
1.4349112426035502,147,0.0022143076268085573
1.4437869822485208,150,0.0012484297832997982
1.4467455621301775,151,0.004651754181395518
1.4497041420118344,152,0.002259996953580356
1.452662721893491,153,0.0013250557535668703
1.4556213017751478,154,0.004792016028659418
1.4585798816568047,155,0.0065873465500772
1.4615384615384617,156,0.0005441286279109949
1.4644970414201184,157,0.0014547727623721585
1.467455621301775,158,0.0020767005225934554
1.470414201183432,159,0.0035022487015036554
1.4733727810650887,160,0.008717868739040568
1.4763313609467454,161,0.0011942634010362477
1.4792899408284024,162,0.0004901029182364207
1.4822485207100593,163,0.0024358900973311393
1.485207100591716,164,0.00037289224866509795
1.4881656804733727,165,0.000755029832622053
1.4911242603550297,166,0.00038027465345180644
1.4940828402366864,167,0.0007879269356075943
1.497041420118343,168,0.0004047474201223323
1.5,169,0.008885289838265939
1.502958579881657,170,0.0007328583215775839
1.5059171597633136,171,0.0019265813016318134
1.5088757396449703,172,0.00035727935892282403
1.5118343195266273,173,0.0012995149186281196
1.514792899408284,174,0.000682269276748069
1.5177514792899407,175,0.0003418919317798851
1.5207100591715976,176,0.0005146122484128918
1.5236686390532546,177,0.0026144666619529744
1.5266272189349113,178,0.0033809786415076814
1.529585798816568,179,0.0021583549657537204
1.532544378698225,180,0.0006290139382599591
1.5355029585798816,181,0.0001750318406852931
1.5384615384615383,182,0.0019439307085349355
1.5414201183431953,183,0.008712207709322684
1.5443786982248522,184,0.006989770103245974
1.547337278106509,185,0.002227151059129107
1.5502958579881656,186,0.006981123650211885
1.5532544378698225,187,0.002370556921440376
1.5562130177514792,188,0.0011294321586050996
1.559171597633136,189,0.008388727903366089
1.5621301775147929,190,0.004125674720853567
1.5650887573964498,191,0.0006134794121503262
1.5680473372781065,192,0.001018063666480076
1.5710059171597632,193,0.0015421839365444613
1.5739644970414202,194,0.0013656256178364856
1.5769230769230769,195,0.00036789529124992747
1.5798816568047336,196,0.00016165083619463467
1.5828402366863905,197,0.0031003255297340124
1.5857988165680474,198,0.0011067293148547819
1.5887573964497042,199,0.0002831573896300041
1.5917159763313609,200,0.0005282490056439808
1.5946745562130178,201,0.0009299521565885192
1.5976331360946747,202,0.00018698443678284306
1.6005917159763312,203,0.001642099422998422
1.6035502958579881,204,0.00041438572387975103
1.606508875739645,205,0.003909425415561903
1.6094674556213018,206,0.00048426780583266755
1.6124260355029585,207,0.001021685680100859
1.6153846153846154,208,0.006242693867534399
1.6183431952662723,209,0.0008536609053003809
1.6213017751479288,210,0.00457237978419774
1.6242603550295858,211,0.001093560323149425
1.6272189349112427,212,0.001692040610123513
1.6301775147928994,213,0.000230365622862202
1.6331360946745561,214,0.00045611067612712344
1.636094674556213,215,0.008741235360503197
1.63905325443787,216,0.0009960169878208294
1.6420118343195265,217,0.0005454001941544565
1.6449704142011834,218,0.004605929936587927
1.6479289940828403,219,0.002562755683538853
1.650887573964497,220,0.0003133909201848007
1.6538461538461537,221,0.00568231672098461
1.6568047337278107,222,0.008829717986372998
1.6597633136094676,223,0.000650429073630221
1.6627218934911243,224,0.0032661087246879106
1.665680473372781,225,0.0007255666254136391
1.668639053254438,226,0.012475219152020146
1.6715976331360947,227,0.0068522571996254555
1.6745562130177514,228,0.00792507407386438
1.6775147928994083,229,0.0033440691013311152
1.6804733727810652,230,0.035275692784731895
1.683431952662722,231,0.0013615888687234152
1.6863905325443787,232,0.005923512391746044
1.6893491124260356,233,0.011649884283542633
1.7011834319526629,237,0.011166694053827086
1.7041420118343196,238,0.00020608822394394707
1.7071005917159763,239,0.0015609740777872247
1.7100591715976332,240,0.003250377825770556
1.71301775147929,241,0.0006344171619275585
1.7248520710059172,245,0.0010689217917527255
1.727810650887574,246,0.12118127942085266
1.7307692307692308,247,0.07797494530677795
1.7337278106508875,248,0.15678314864635468
1.7366863905325443,249,0.10341360419988632
1.7426035502958581,251,0.0003704774983016627
1.7455621301775148,252,0.004119522519795282
1.7485207100591715,253,0.0006728050713834075
1.7514792899408285,254,0.0003935287601177784
1.7544378698224852,255,0.002078954416901979
1.7573964497041419,256,0.15322601795196533
1.7603550295857988,257,0.0656055435538292
1.7633136094674557,258,0.15259552001953125
1.7662721893491125,259,0.0002596832582336598
1.7692307692307692,260,0.0033941149313250207
1.772189349112426,261,0.0009767769951438475
1.7751479289940828,262,0.002040157828014344
1.7810650887573964,264,0.00030998299807895427
1.7840236686390534,265,0.00682285379662062
1.78698224852071,266,0.0026006023663285305
1.7899408284023668,267,0.005397525853781685
1.7928994082840237,268,0.00507983145507751
1.7958579881656804,269,0.001195524082924329
1.801775147928994,271,0.00019871787269115277
1.8195266272189348,277,0.0012152554614507
1.8224852071005917,278,0.0006746186649024821
1.8254437869822486,279,0.00812580894853454
1.8284023668639053,280,0.0007143928595723992
1.831360946745562,281,0.0008737866290984028
1.8431952662721893,285,0.00013332666858332232
1.8461538461538463,286,0.004160478296008867
1.849112426035503,287,0.001017404154221627
1.8520710059171597,288,0.0009947668054337555
1.8550295857988166,289,0.0017712396675051423
1.8579881656804735,290,0.0015077286543601076
1.86094674556213,291,0.0003253284015954705
1.863905325443787,292,0.0011209065822741751
1.8668639053254439,293,0.0006397298071002903
1.8698224852071006,294,0.0013599078809792527
1.8727810650887573,295,0.00048528631000408493
1.8757396449704142,296,0.0006438122411054792
1.8786982248520712,297,0.00037961903947027827
1.8816568047337277,298,0.0005923841457217804
1.8846153846153846,299,0.0009094516515486046
1.8875739644970415,300,0.0006133223813296556
1.8905325443786982,301,0.0004519802358800007
1.9142011834319526,309,0.004460961837366995
1.9171597633136095,310,0.001968069239410397
1.9201183431952664,311,0.0010639985115782717
1.9230769230769231,312,0.0013779196944293897
1.9260355029585798,313,0.0018425903684449925
1.9289940828402368,314,0.005004747793767213
1.9319526627218935,315,0.00321694499628696
1.9378698224852071,317,9.213537662269844e-05
1.940828402366864,318,0.0032703309533644643
1.9437869822485208,319,0.00025439638911848304
1.9467455621301775,320,0.003735039000730467
1.9497041420118344,321,0.0003985165639358949
1.952662721893491,322,0.0012056574194747765
1.9556213017751478,323,0.00041928577109805095
1.9585798816568047,324,0.0006557669647918374
1.9615384615384617,325,0.010808997290041589
1.9644970414201184,326,0.01070880233263389
1.967455621301775,327,0.02943797689499661
1.970414201183432,328,0.0007369535024996932
1.9733727810650887,329,0.0006813325594783656
1.9763313609467454,330,0.0007980286415331328
1.9792899408284024,331,0.0009388005584772449
1.9822485207100593,332,0.022944012891093733
1.985207100591716,333,0.005349010026596564
1.9881656804733727,334,0.0011030029003450182
1.9911242603550297,335,0.0015707814950019384
1.9940828402366864,336,0.002915984475748701
1.997041420118343,337,0.0022484291257569566
2.0,338,0.0004735154889203841
2.002958579881657,339,0.0020012945899199825
2.005917159763314,340,0.0006526511667996399
2.0088757396449703,341,0.005523242821709573
2.0118343195266273,342,0.0009700686600569354
2.0147928994082838,343,0.001088215810523252
2.0177514792899407,344,0.014285252866102383
2.0236686390532546,346,0.000521050242489516
2.0266272189349115,347,0.0028436204502543918
2.029585798816568,348,0.0007532118274866662
2.032544378698225,349,0.0006036413702596681
2.0355029585798814,350,0.00022181905037866402
2.0384615384615383,351,0.0017149042170861624
2.0414201183431953,352,0.012525074945415327
2.044378698224852,353,0.002397130007064054
2.047337278106509,354,0.0008379050744224514
2.0502958579881656,355,0.004917635720337226
2.0532544378698225,356,0.002116194752712852
2.056213017751479,357,0.00043443371811102693
2.059171597633136,358,0.00017795202177454052
2.062130177514793,359,0.003260692291007672
2.06508875739645,360,0.0011865575311276189
2.0680473372781067,361,0.002129630357320868
2.0710059171597632,362,0.00814773079333891
2.07396449704142,363,0.00034341113969124046
2.0769230769230766,364,0.0015774874036651454
2.0798816568047336,365,0.00026538351455571873
2.0828402366863905,366,0.0004382067249556106
2.0857988165680474,367,0.0008423068763623309
2.0887573964497044,368,0.00031387471523913746
2.091715976331361,369,0.00045238729980751644
2.094674556213018,370,0.0017308154823954933
2.0976331360946743,371,0.0021500621855068403
2.100591715976331,372,0.00022574759209460028
2.103550295857988,373,0.011654955315407278
2.106508875739645,374,0.00335326789507105
2.109467455621302,375,0.0027327839709414548
2.1124260355029585,376,0.0008396721898407122
2.1153846153846154,377,0.0010918563424248923
2.118343195266272,378,0.000606094034148035
2.121301775147929,379,0.0016519037108082557
2.1242603550295858,380,0.0009387710779554096
2.1272189349112427,381,0.00575003307312727
2.1301775147928996,382,0.00016960962047581538
2.133136094674556,383,0.00219944429932184
2.136094674556213,384,0.00046869676567867454
2.1390532544378695,385,0.000726314883210827
2.1420118343195265,386,0.007288569066174334
2.1449704142011834,387,0.0008809448046065427
2.1479289940828403,388,0.0011319110524633197
2.1508875739644973,389,0.0015029803819288645
2.1538461538461537,390,0.0002305953968061658
2.1568047337278107,391,0.01128931250423193
2.159763313609467,392,0.0015674716771465163
2.162721893491124,393,0.013658364303410053
2.165680473372781,394,0.0010966706495310063
2.168639053254438,395,0.0024389519980445584
2.171597633136095,396,0.00238936027684152
2.1745562130177514,397,0.0009720165723668591
2.1775147928994083,398,0.0008159021959727397
2.180473372781065,399,0.00027162901808522923
2.1834319526627217,400,0.0005467603446618341
2.1863905325443787,401,0.0037217974131635856
2.1893491124260356,402,0.0003059854853341272
2.1923076923076925,403,0.0005018166346981789
2.1952662721893494,404,0.00022579896742144862
2.198224852071006,405,0.0010615213920270132
2.2011834319526624,406,0.0002105761180967514
2.2041420118343193,407,0.0007990453956182782
2.2071005917159763,408,0.0002796131881609654
2.210059171597633,409,0.0003597683832581692
2.21301775147929,410,0.00018951133985751768
2.215976331360947,411,0.0008542236376645936
2.2189349112426036,412,0.0030728573795566743
2.22189349112426,413,0.0016011353787689585
2.224852071005917,414,0.003351145140186418
2.227810650887574,415,0.000589808400363836
2.230769230769231,416,0.0008026526438129622
2.2337278106508878,417,0.0006876613650774743
2.2366863905325447,418,0.003389948757330785
2.239644970414201,419,0.00032106848713671826
2.2426035502958577,420,0.0009465937586355721
2.2455621301775146,421,0.0007065486971618932
2.2485207100591715,422,0.00014195173774734905
2.2514792899408285,423,0.0009950286475314302
2.2544378698224854,424,0.0036473529838065843
2.2573964497041423,425,0.05695841833949089
2.260355029585799,426,0.00048323221315311256
2.2633136094674553,427,0.003843468598764351
2.2662721893491122,428,0.0023424985187830314
2.269230769230769,429,0.0006915164807044979
2.272189349112426,430,0.0037656095046258997
2.275147928994083,431,0.0002999715665349935
2.27810650887574,432,0.001967663233396403
2.2810650887573964,433,0.0004780928713692199
2.284023668639053,434,0.005930005412665196
2.28698224852071,435,0.0004190304873829615
2.289940828402367,436,0.0005558141601795796
2.2928994082840237,437,0.005081324336515536
2.2958579881656807,438,0.0005935178795210857
2.2988165680473376,439,0.014931752346456051
2.301775147928994,440,0.0031773002806403383
2.3047337278106506,441,0.0033836926174141504
2.3076923076923075,442,0.02453147992491722
2.3106508875739644,443,0.0011669054133051303
2.3136094674556213,444,0.0029814913410518783
2.3165680473372783,445,0.000842148087976966
2.319526627218935,446,0.0031832551048864843
2.328402366863905,449,0.00033777063181332777
2.331360946745562,450,0.00040707958257476444
2.334319526627219,451,0.0006682306909949277
2.337278106508876,452,0.001195502818973182
2.340236686390533,453,0.00713767261186149
2.3431952662721893,454,0.0027895643770161627
2.3461538461538463,455,0.001139382405257905
2.3491124260355027,456,0.0013277013762262868
2.3520710059171597,457,0.012181871679786127
2.3550295857988166,458,0.014434946700930595
2.3579881656804735,459,0.005702606867998838
2.3609467455621305,460,0.0019299037090002252
2.363905325443787,461,0.0012442792301500755
2.366863905325444,462,0.0007792998619606806
2.3698224852071004,463,0.0003853244342840648
2.3727810650887573,464,0.0014788819708542178
2.3757396449704142,465,0.0020694434049705465
2.378698224852071,466,0.002964236891178492
2.381656804733728,467,0.0029318351598703885
2.3846153846153846,468,0.004839053765977042
2.3875739644970415,469,0.001004619871869531
2.390532544378698,470,0.0029342483170738476
2.393491124260355,471,0.0012604664354611828
2.396449704142012,472,0.003077070960216588
2.399408284023669,473,0.0010312395893947723
2.4023668639053257,474,0.0002830140530681217
2.405325443786982,475,0.0016517993614494724
2.408284023668639,476,0.0005594589947198377
2.4112426035502956,477,0.005417884027338005
2.4142011834319526,478,0.004038231784306845
2.4171597633136095,479,0.0017942338018504718
2.4201183431952664,480,0.000747510587812429
2.4230769230769234,481,0.0026875470704289407
2.42603550295858,482,0.005427239591881516
2.4289940828402368,483,0.00019826127500124357
2.4319526627218933,484,0.0006906883884137362
2.43491124260355,485,0.00031854072452929135
2.443786982248521,488,0.000366468743607129
2.4467455621301775,489,0.004552028020953003
2.4497041420118344,490,0.0022050967465058365
2.452662721893491,491,0.00044722811337320707
2.455621301775148,492,0.004064515908339672
2.4585798816568047,493,0.005251063033938408
2.4615384615384617,494,0.00029552652921610746
2.4644970414201186,495,0.0005947825910273726
2.467455621301775,496,0.0017913272108292706
2.470414201183432,497,0.0018834942273618556
2.4733727810650885,498,0.00929697262472473
2.4763313609467454,499,0.0005747697615637056
2.4792899408284024,500,0.0007233826058836712
2.4822485207100593,501,0.001173712440277086
2.4852071005917162,502,0.00037158540462516813
2.4881656804733727,503,0.0007734162636292499
2.4911242603550297,504,0.0003049484121628865
2.494082840236686,505,0.00025472333551918453
2.497041420118343,506,0.00034732493950765563
2.5,507,0.009056502016392187
2.502958579881657,508,0.0003821398194620839
2.505917159763314,509,0.002137066260956999
2.5088757396449703,510,0.00014987365249415538
2.5118343195266273,511,0.001364986523810785
2.5147928994082838,512,0.00041366264298737994
2.5177514792899407,513,0.0003916364056868074
2.5207100591715976,514,0.0005425897155225391
2.5236686390532546,515,0.0012862635515489274
2.5266272189349115,516,0.0013550639725508518
2.529585798816568,517,0.0019059988345913683
2.532544378698225,518,0.0006709125087581924
2.5355029585798814,519,0.00026864098255476076
2.5384615384615383,520,0.001916621024719234
2.5414201183431953,521,0.008345432024725596
2.544378698224852,522,0.008150666573783383
2.547337278106509,523,0.0021087189913694838
2.5502958579881656,524,0.007979543125702548
2.5532544378698225,525,0.0006907373491620612
2.556213017751479,526,0.0010637259508505601
2.559171597633136,527,0.007556685712188482
2.562130177514793,528,0.006403313018381596
2.56508875739645,529,0.0005879003511867609
2.5680473372781067,530,0.001069669013355047
2.5710059171597632,531,0.0007591338329802966
2.57396449704142,532,0.0008104009453973049
2.5769230769230766,533,0.00039979679677344394
2.5798816568047336,534,0.00019305000911020085
2.5828402366863905,535,0.0015725876164272752
2.5857988165680474,536,0.0013148332527550544
2.5887573964497044,537,0.00026707687466451143
2.591715976331361,538,0.000295681274966834
2.594674556213018,539,0.001101879748906261
2.5976331360946743,540,0.00019719058096089772
2.600591715976331,541,0.0006027252494188673
2.603550295857988,542,0.0004997568201413616
2.606508875739645,543,0.0037555843098289188
2.609467455621302,544,0.0001828883710740068
2.6124260355029585,545,0.001012455749211938
2.6153846153846154,546,0.006510271690785885
2.618343195266272,547,0.00040477691273584543
2.621301775147929,548,0.0031631264760108024
2.6242603550295858,549,0.0010663164876053668
2.6272189349112427,550,0.0018587192778909412
2.6301775147928996,551,0.00034968535807685704
2.633136094674556,552,0.0003972466100983431
2.636094674556213,553,0.009881079196929932
2.6390532544378695,554,0.0009874656127132246
2.6420118343195265,555,0.0002485674804615296
2.6449704142011834,556,0.004259623157281567
2.6479289940828403,557,0.0024420484379334083
2.6508875739644973,558,0.0003845547778679326
2.6538461538461537,559,0.0020982526098772985
2.6568047337278107,560,0.009038877684361069
2.659763313609467,561,0.0011463331309414571
2.662721893491124,562,0.0031825053291925087
2.665680473372781,563,0.0003835885778434274
2.668639053254438,564,0.014137097922775866
2.671597633136095,565,0.004091286447419407
2.6745562130177514,566,0.007872551333275624
2.6775147928994083,567,0.0032929876579146367
2.680473372781065,568,0.033752660378619716
2.6834319526627217,569,0.0014443625113926828
2.6863905325443787,570,0.00759306363761425
2.6893491124260356,571,0.003946986980736256
2.7011834319526624,575,0.010954663492157124
2.7041420118343193,576,0.0002715215533936754
2.7071005917159763,577,0.001543576634783643
2.710059171597633,578,0.0034231170764542187
2.71301775147929,579,0.0006338144990877481
2.724852071005917,583,0.0010223868014362677
2.727810650887574,584,0.03916095197200775
2.730769230769231,585,0.03477169945836067
2.7337278106508878,586,0.1513722687959671
2.7366863905325447,587,0.02305256761610508
2.7426035502958577,589,0.0007936528567952288
2.7455621301775146,590,0.005121310024878767
2.7485207100591715,591,0.000753334431989112
2.7514792899408285,592,0.0003900060716960733
2.7544378698224854,593,0.0032547624543894926
2.7573964497041423,594,0.14724798500537872
2.760355029585799,595,0.0011398234637454152
2.7633136094674553,596,0.14645390212535858
2.7662721893491122,597,0.0002294036884374388
2.769230769230769,598,0.003125817887394078
2.772189349112426,599,0.0006473603828215433
2.775147928994083,600,0.0013230672491772566
2.7810650887573964,602,0.00034291402441856525
2.784023668639053,603,0.0041124994604615495
2.78698224852071,604,0.002022157746978337
2.789940828402367,605,0.005117733071611755
2.7928994082840237,606,0.0049154793653845745
2.7958579881656807,607,0.0009881170525519478
2.801775147928994,609,0.00021893425694846275
2.819526627218935,615,0.0007908903104786683
2.8224852071005917,616,0.0006293579100145053
2.8254437869822486,617,0.008730484359602997
2.828402366863905,618,0.0006911258346463001
2.831360946745562,619,0.0006991670654517495
2.8431952662721893,623,0.00012450119017633673
2.8461538461538463,624,0.003865284938878436
2.8491124260355027,625,0.000733688692305025
2.8520710059171597,626,0.0005154922536933425
2.8550295857988166,627,0.0016764948174265253
2.8579881656804735,628,0.0009748926254360413
2.8609467455621305,629,0.00025357330160886705
2.863905325443787,630,0.00110793989856322
2.866863905325444,631,0.0004859656305598037
2.8698224852071004,632,0.0014376914221388274
2.8727810650887573,633,0.0004506692481072605
2.8757396449704142,634,0.0006069653855774959
2.878698224852071,635,0.00020220035732811746
2.881656804733728,636,0.000573622978174626
2.8846153846153846,637,0.0005951693956881678
2.8875739644970415,638,0.0006225532626508033
2.890532544378698,639,0.00042347481547722055
2.9142011834319526,647,0.002160258569119833
2.9171597633136095,648,0.001958729493253486
2.9201183431952664,649,0.0011519687535383127
2.9230769230769234,650,0.001281392536839121
2.92603550295858,651,0.0023339624482711465
2.9289940828402368,652,0.004762985337341282
2.9319526627218933,653,0.003003146188954512
2.937869822485207,655,0.00014528251443002294
2.940828402366864,656,0.0031094441168079356
2.943786982248521,657,0.0002111127458692863
2.9467455621301775,658,0.0025644085205840383
2.9497041420118344,659,0.00040314201105987973
2.952662721893491,660,0.0019134951244968062
2.955621301775148,661,0.0004134029239897548
2.9585798816568047,662,0.0006532858998752999
2.9615384615384617,663,0.010505200324814723
2.9644970414201186,664,0.010850780779264824
2.967455621301775,665,0.028013362658953156
2.970414201183432,666,0.0007609277398115566
2.9733727810650885,667,0.0006767562359143015
2.9763313609467454,668,0.0007866540092191343
2.9792899408284024,669,0.0009084213547036294
2.9822485207100593,670,0.014784847916416766
2.9852071005917162,671,0.005121972739592214
2.9881656804733727,672,0.0018958244365421706
2.9911242603550297,673,0.0014844777197367876
2.994082840236686,674,0.002797690989723378
2.997041420118343,675,0.0035543861959013157
3.0,676,0.0005753452307544649
3.002958579881657,677,0.0023057343204426514
3.0059171597633134,678,0.0006506939465553943
3.0088757396449703,679,0.005668723984513235
3.0118343195266273,680,0.0008908805865590502
3.014792899408284,681,0.0010956212528526522
3.0177514792899407,682,0.013583295776697923
3.0236686390532546,684,0.0005105381929876206
3.026627218934911,685,0.0028633868179042564
3.029585798816568,686,0.0007812466232540569
3.032544378698225,687,0.0006206784723872261
3.035502958579882,688,0.00022157703553732843
3.0384615384615383,689,0.0016222481653282255
3.0414201183431953,690,0.011063018871709573
3.044378698224852,691,0.0021899489981933584
3.0473372781065087,692,0.000790698804553358
3.0502958579881656,693,0.00459965193280633
3.0532544378698225,694,0.00236827229986325
3.0562130177514795,695,0.0005524880265648235
3.059171597633136,696,0.000187537341738545
3.062130177514793,697,0.0030811152064984526
3.06508875739645,698,0.0009144268946329248
3.0680473372781063,699,0.0021928466948369276
3.0710059171597632,700,0.007878126204399023
3.07396449704142,701,0.0003740874133884406
3.076923076923077,702,0.0012339225017967692
3.0798816568047336,703,0.0002526996406770734
3.0828402366863905,704,0.0004192362240426443
3.0857988165680474,705,0.0009547509092042716
3.088757396449704,706,0.0003111769953250132
3.091715976331361,707,0.00048462890186658176
3.094674556213018,708,0.0017225853180207196
3.0976331360946747,709,0.0021454214808708607
3.100591715976331,710,0.0002501403519600233
3.103550295857988,711,0.011059616983857268
3.106508875739645,712,0.0031539559770083414
3.1094674556213016,713,0.0025196198133983216
3.1124260355029585,714,0.0007819800907782337
3.1153846153846154,715,0.0008899604189472095
3.1183431952662723,716,0.0005723768551726087
3.121301775147929,717,0.001928366641550383
3.1242603550295858,718,0.0008878766167917503
3.1272189349112427,719,0.008618785068392754
3.1301775147928996,720,0.0002539117850536362
3.133136094674556,721,0.0021362948919886548
3.136094674556213,722,0.0006674063126063308
3.13905325443787,723,0.0007500150260316079
3.1420118343195265,724,0.007413362988245353
3.1449704142011834,725,0.0008273641007008337
3.1479289940828403,726,0.0011180670332472974
3.1508875739644973,727,0.001510964835915729
3.1538461538461537,728,0.00023527161966588512
3.1568047337278107,729,0.010622791014611721
3.1597633136094676,730,0.001520367624055195
3.162721893491124,731,0.01270540151745081
3.165680473372781,732,0.0010312998661902383
3.168639053254438,733,0.002495528735522612
3.171597633136095,734,0.001454134808530701
3.1745562130177514,735,0.0009711430659725314
3.1775147928994083,736,0.0011097545278971666
3.1804733727810652,737,0.00029060024106634637
3.1834319526627217,738,0.0006679996024274715
3.1863905325443787,739,0.003443618703992494
3.1893491124260356,740,0.0003729848046397685
3.1923076923076925,741,0.0006513887468795944
3.195266272189349,742,0.00022858934228293725
3.198224852071006,743,0.0009339732437941469
3.201183431952663,744,0.00021508559368534218
3.2041420118343193,745,0.000747052349800182
3.2071005917159763,746,0.0002887949445039339
3.210059171597633,747,0.00034664363064126414
3.21301775147929,748,0.00018916096804559855
3.2159763313609466,749,0.0007971835345112291
3.2189349112426036,750,0.0021368729222050365
3.2218934911242605,751,0.0018210387635917869
3.224852071005917,752,0.0039149425574578345
3.227810650887574,753,0.0005519719059157069
3.230769230769231,754,0.0009517252498095662
3.2337278106508878,755,0.0006336274986855036
3.2366863905325443,756,0.0031587070236582804
3.239644970414201,757,0.0003041351441967303
3.242603550295858,758,0.0009047881677361147
3.2455621301775146,759,0.0006608271641606306
3.2485207100591715,760,0.00014367954969666621
3.2514792899408285,761,0.0009350644172000415
3.2544378698224854,762,0.0034435367154671327
3.257396449704142,763,0.05965196713805199
3.260355029585799,764,0.0005268343646733869
3.2633136094674557,765,0.0036250270495656878
3.2662721893491122,766,0.002179799807724218
3.269230769230769,767,0.0006430760734019714
3.272189349112426,768,0.0034610369971233013
3.275147928994083,769,0.0002840883758263199
3.2781065088757395,770,0.0019963698130898897
3.2810650887573964,771,0.000510814273825004
3.2840236686390534,772,0.005252770390749599
3.28698224852071,773,0.000616942442439208
3.289940828402367,774,0.0005783275307496499
3.2928994082840237,775,0.004756743145965932
3.2958579881656807,776,0.0005372579947157243
3.298816568047337,777,0.014468718320131302
3.301775147928994,778,0.0030296281665869174
3.304733727810651,779,0.0031801659127571233
3.3076923076923075,780,0.029810022562742233
3.3106508875739644,781,0.0011881373451046785
3.3136094674556213,782,0.00290267004584166
3.3165680473372783,783,0.0007775360738560267
3.3195266272189348,784,0.004455530247469142
3.328402366863905,787,0.0003671891279433718
3.331360946745562,788,0.00035752131930604056
3.334319526627219,789,0.0008539210459405565
3.337278106508876,790,0.0010508379056091144
3.3402366863905324,791,0.006786268235979757
3.3431952662721893,792,0.002583718788237377
3.3461538461538463,793,0.0010669567513237332
3.3491124260355027,794,0.0013089200577724113
3.3520710059171597,795,0.011551439994946122
3.3550295857988166,796,0.013634342700242996
3.3579881656804735,797,0.005624566227197647
3.36094674556213,798,0.001881295175525403
3.363905325443787,799,0.0016466646404325047
3.366863905325444,800,0.0006558932544759191
3.3698224852071004,801,0.000567226604289317
3.3727810650887573,802,0.0015767282175147557
3.3757396449704142,803,0.003905776983317896
3.378698224852071,804,0.004693917263769738
3.3816568047337277,805,0.0013630375778272235
3.3846153846153846,806,0.006639991351221397
3.3875739644970415,807,0.0007301607903662863
3.3905325443786984,808,0.0019356066103008679
3.393491124260355,809,0.0010828061211043405
3.396449704142012,810,0.002658181503193191
3.399408284023669,811,0.0009191833573822805
3.4023668639053253,812,0.00042024144833139243
3.405325443786982,813,0.0017406072480904793
3.408284023668639,814,0.0005199952467288919
3.411242603550296,815,0.0051536123314690485
3.4142011834319526,816,0.0037715435497223857
3.4171597633136095,817,0.0016749248642706032
3.4201183431952664,818,0.000722791727970752
3.423076923076923,819,0.002497152654322471
3.42603550295858,820,0.005263459983931777
3.4289940828402368,821,0.0003059082926515799
3.4319526627218937,822,0.0006627592567838292
3.43491124260355,823,0.00025834704298767345
3.4437869822485205,826,0.00047575218422934995
3.4467455621301775,827,0.004153673837748784
3.4497041420118344,828,0.0021871139747569514
3.4526627218934913,829,0.0007286825144230978
3.455621301775148,830,0.003751154213659902
3.4585798816568047,831,0.005128923803567886
3.4615384615384617,832,0.00034688583552837593
3.464497041420118,833,0.0013980617459310452
3.467455621301775,834,0.0017528573913902317
3.470414201183432,835,0.0026862756649279618
3.473372781065089,836,0.009008503206132445
3.4763313609467454,837,0.001097746921535266
3.4792899408284024,838,0.0006663426915302376
3.4822485207100593,839,0.001179877923505046
3.485207100591716,840,0.00029218676674931714
3.4881656804733727,841,0.0006821020876226872
3.4911242603550297,842,0.0002416311787296621
3.4940828402366866,843,0.0003465733646477859
3.497041420118343,844,0.0003973582788124699
3.5,845,0.008571098584676898
3.502958579881657,846,0.0004576903898930101
3.5059171597633134,847,0.0019381724059712724
3.5088757396449703,848,0.00018815117527992697
3.5118343195266273,849,0.0013270186452700727
3.514792899408284,850,0.0006266342244115923
3.5177514792899407,851,0.00041887240806080746
3.5207100591715976,852,0.0005313956492298328
3.5236686390532546,853,0.0023949931038487193
3.526627218934911,854,0.0022263854270931915
3.529585798816568,855,0.0020833750394818446
3.532544378698225,856,0.0006464330273956876
3.535502958579882,857,0.00026970367797173
3.5384615384615383,858,0.0017709206236631303
3.5414201183431953,859,0.007737565882507624
3.544378698224852,860,0.008645188092486933
3.5473372781065087,861,0.0019271890903086307
3.5502958579881656,862,0.007816170655678434
3.5532544378698225,863,0.001110830569814425
3.5562130177514795,864,0.0009706276148129043
3.559171597633136,865,0.008147761225700378
3.562130177514793,866,0.00626732362434268
3.56508875739645,867,0.000541117265974549
3.5680473372781063,868,0.0009869317117489926
3.5710059171597632,869,0.0013327094453416065
3.57396449704142,870,0.001319687331260866
3.576923076923077,871,0.0004354254618798829
3.5798816568047336,872,0.00017972682356750218
3.5828402366863905,873,0.002734455854162358
3.5857988165680474,874,0.00126049689350749
3.588757396449704,875,0.00024533614288412974
3.591715976331361,876,0.00046723218839967253
3.594674556213018,877,0.0010839905317981094
3.5976331360946747,878,0.00019355129161206553
3.600591715976331,879,0.0008584158923742536
3.603550295857988,880,0.00042370253906402294
3.606508875739645,881,0.0035356992825654743
3.6094674556213016,882,0.00022794802067865557
3.6124260355029585,883,0.0009108471427339282
3.6153846153846154,884,0.005790397059172392
3.6183431952662723,885,0.0007087967007414085
3.621301775147929,886,0.004752474276150072
3.6242603550295858,887,0.0010083166153446075
3.6272189349112427,888,0.0018007227160410366
3.6301775147928996,889,0.0003758954345458834
3.633136094674556,890,0.0004104946339421903
3.636094674556213,891,0.009766671806573868
3.63905325443787,892,0.0008950530907246242
3.6420118343195265,893,0.00023027528609711754
3.6449704142011834,894,0.004156479422135817
3.6479289940828403,895,0.0023082958674422115
3.6508875739644973,896,0.0003274425506511445
3.6538461538461537,897,0.0030220115646183592
3.6568047337278107,898,0.008145450710799196
3.6597633136094676,899,0.0010572208550456708
3.662721893491124,900,0.003041843606013117
3.665680473372781,901,0.0006921361494080646
3.668639053254438,902,0.01364553616667763
3.671597633136095,903,0.006692761033946226
3.6745562130177514,904,0.00758259101130534
3.6775147928994083,905,0.0031049718763824785
3.6804733727810652,906,0.031979043429601006
3.6834319526627217,907,0.001815220969814725
3.6863905325443787,908,0.008636957965791225
3.6893491124260356,909,0.0056110708974301815
3.701183431952663,913,0.01055414869915694
3.7041420118343193,914,0.00026935008773526297
3.7071005917159763,915,0.0015295311884831481
3.710059171597633,916,0.00337340076421242
3.71301775147929,917,0.00061429227980625
3.724852071005917,921,0.000993268990189083
3.727810650887574,922,0.03496287390589714
3.730769230769231,923,0.0450206957757473
3.7337278106508878,924,0.14540225267410278
3.7366863905325443,925,0.01775120012462139
3.742603550295858,927,0.0006290514594362005
3.7455621301775146,928,0.005408145895671623
3.7485207100591715,929,0.0007407723314040486
3.7514792899408285,930,0.0003901152769500982
3.7544378698224854,931,0.002927276285117841
3.757396449704142,932,0.14103078842163086
3.760355029585799,933,7.072867447277531e-05
3.7633136094674557,934,0.14014393091201782
3.7662721893491122,935,0.00022827108235408863
3.769230769230769,936,0.0029477994607987057
3.772189349112426,937,0.0006340831541386987
3.775147928994083,938,0.001148848992306739
3.7810650887573964,940,0.0003413461070190474
3.7840236686390534,941,0.006625645398798952
3.78698224852071,942,0.003151137442273466
3.789940828402367,943,0.004848816162765698
3.7928994082840237,944,0.004262941823678072
3.7958579881656807,945,0.0009323929117587026
3.801775147928994,947,0.00021970481780044792
3.8195266272189348,953,0.0010859564688416867
3.8224852071005917,954,0.000674424007968355
3.8254437869822486,955,0.008755140556331753
3.828402366863905,956,0.0006911796299391426
3.831360946745562,957,0.0006600278999637036
3.8431952662721893,961,0.00018083576004528367
3.8461538461538463,962,0.0036407507615032436
3.8491124260355027,963,0.0007223240396082734
3.8520710059171597,964,0.0007448823873638892
3.8550295857988166,965,0.0015618776648504233
3.8579881656804735,966,0.0013539257256525161
3.86094674556213,967,0.0002582998761795352
3.863905325443787,968,0.0011593283714369641
3.866863905325444,969,0.0006610164453301574
3.8698224852071004,970,0.0014187235518957923
3.8727810650887573,971,0.00043055425403508706
3.8757396449704142,972,0.0006058349975774036
3.878698224852071,973,0.00022037620627460538
3.8816568047337277,974,0.0005709472466037368
3.8846153846153846,975,0.0007762666692138333
3.8875739644970415,976,0.0005813840165400405
3.8905325443786984,977,0.00040180029468501744
3.9142011834319526,985,0.0025115651120586335
3.9171597633136095,986,0.0019807988772981844
3.9201183431952664,987,0.0010515177113044653
3.923076923076923,988,0.001911630451710759
3.92603550295858,989,0.0021288762563926866
3.9289940828402368,990,0.004495213652262464
3.9319526627218937,991,0.0028481719315702017
3.937869822485207,993,0.00015929799850367132
3.940828402366864,994,0.0029345802468924375
3.9437869822485205,995,0.00021292788467690117
3.9467455621301775,996,0.0032261119436043373
3.9497041420118344,997,0.0004055082285354672
3.9526627218934913,998,0.0010783144653732262
3.955621301775148,999,0.0004150514380853565
3.9585798816568047,1000,0.0006694593309930497
3.9615384615384617,1001,0.009982238822885847
3.964497041420118,1002,0.010784595994859305
3.967455621301775,1003,0.026307352052867827
3.970414201183432,1004,0.0007696260046976989
3.973372781065089,1005,0.0006197298786656364
3.9763313609467454,1006,0.000786729318009094
3.9792899408284024,1007,0.0008686174458034657
3.9822485207100593,1008,0.006990302792473813
3.985207100591716,1009,0.004842503532017872
3.9881656804733727,1010,0.0013457127022775239
3.9911242603550297,1011,0.0013576819497757241
3.9940828402366866,1012,0.0025614623957608273
3.997041420118343,1013,0.0035082137906101707
4.0,1014,0.0004144292415124558
4.002958579881657,1015,0.0022267634860529345
4.005917159763314,1016,0.0005805928131697632
4.008875739644971,1017,0.0056390589189732054
4.011834319526628,1018,0.000834927670439356
4.014792899408285,1019,0.0009828516746438255
4.017751479289941,1020,0.012823961409822004
4.023668639053255,1022,0.00048007345244307294
4.026627218934911,1023,0.0028118230329624793
4.0295857988165675,1024,0.000727054516573844
4.0325443786982245,1025,0.0005943097984787268
4.035502958579881,1026,0.00022360724863444505
4.038461538461538,1027,0.0015283278091070922
4.041420118343195,1028,0.01598229684304897
4.044378698224852,1029,0.0020439831834944645
4.047337278106509,1030,0.0007980505584555431
4.050295857988166,1031,0.004297188874175057
4.053254437869823,1032,0.0026218888255566952
4.05621301775148,1033,0.0005250101255800388
